{
  "train_mse": [
    1.046243310604693,
    0.974198144532546,
    0.8062705709017102,
    0.6576333357145671,
    0.5760052900082123,
    0.5284147269998509,
    0.49132584125962336,
    0.47346323973820226,
    0.4563191393133648,
    0.4512407947437139,
    0.43152141208781886,
    0.41674697679274486,
    0.40630018081067415,
    0.4044852025579083,
    0.39633220107927103,
    0.3869027683153473,
    0.38330214780292315,
    0.3699259774533701,
    0.37216907821767237,
    0.36696748670068224,
    0.37330109325387695,
    0.3513992209284204,
    0.3591180142815404,
    0.3513128245695891,
    0.35217079798110523,
    0.3458913626221721,
    0.33982217957632366,
    0.3412135953316377,
    0.3464330852976742,
    0.3271332418032078,
    0.3287773162700312,
    0.3246184105961311,
    0.32219248502692804,
    0.3194851594157559,
    0.32092617785719124,
    0.3078693468397903,
    0.3089078291828743,
    0.31960766753775977,
    0.310420703431173,
    0.2989466019781998,
    0.29943585638821735,
    0.29587405318132026,
    0.29954656282430686,
    0.2888338545013167,
    0.29163948523858757,
    0.2840543138661354,
    0.28074446433037803,
    0.28060352253256854,
    0.2795107285676699,
    0.2760795521405383,
    0.27467412397788576,
    0.2729422478416633,
    0.27355890770865726,
    0.26835492123361354,
    0.26404271505157106,
    0.26377554538790887,
    0.260395958659648,
    0.25678875622163405,
    0.2620465443938937,
    0.2495530581712813,
    0.25064660466450844,
    0.24823675384810395,
    0.24485976013002328,
    0.2442538858573812,
    0.24086384673800815,
    0.23840757067044216,
    0.23862326374117857,
    0.23524211798806874,
    0.23056701893917161,
    0.2331014394073857,
    0.2295389623124899,
    0.22726154419083378,
    0.2262663853960516,
    0.2236694722760169,
    0.22208078842920914,
    0.21802018225058017,
    0.217591661812225,
    0.21411756113053448,
    0.21341324833574363,
    0.2103641474919753,
    0.20976568744987215,
    0.20921626895182355,
    0.20562905044477361,
    0.2051389902413859,
    0.20419552280975764,
    0.20321603959216042,
    0.20180563258535233,
    0.20196882794266963,
    0.19960990840081855,
    0.19809307042676666,
    0.19818593283201802,
    0.19838425559271233,
    0.1967606460510357,
    0.19602693266893792,
    0.19722390385248292,
    0.1951959067052065,
    0.19576199065293398,
    0.1954498074164072,
    0.19474657040782675,
    0.19424324997666648
  ],
  "val_mse": [
    1.0510847953535756,
    0.921582365628355,
    0.7597519633192453,
    0.6408573263180182,
    0.6959877014160156,
    0.5644280114529295,
    0.5420604018691164,
    0.49037644174528416,
    0.5535138656633981,
    0.49413940662182637,
    0.48139571699296463,
    0.4784767102010502,
    0.4740190950239667,
    0.4471060896512144,
    0.48378934327119627,
    0.4579096936291049,
    0.452411122944044,
    0.4797103019974987,
    0.48104183940413575,
    0.4507106438927028,
    0.4538749648917536,
    0.46668537433103,
    0.45128292104472284,
    0.4622716533471338,
    0.44902999356666706,
    0.45628290368903496,
    0.44183673325532713,
    0.4624148651679851,
    0.47804749826466814,
    0.45835335432372476,
    0.43142600237212564,
    0.47716360728933205,
    0.423922864546687,
    0.4459919596310728,
    0.43140463429208126,
    0.43970501570968157,
    0.4462487208917274,
    0.440382901185788,
    0.42881065496006365,
    0.43317640642201677,
    0.44731021445730457,
    0.46627538544791086,
    0.43362864055988953,
    0.44186483777087665,
    0.4449757722593983,
    0.43722004771973033,
    0.44998513985864863,
    0.4538380847954602,
    0.44617488887739476,
    0.4341020902491504,
    0.43804374688900777,
    0.4559306283915265,
    0.4397140837604215,
    0.4466900314603533,
    0.4598931792359915,
    0.43940554790615294,
    0.44187745248308835,
    0.4299340536875754,
    0.4327369099077971,
    0.43890447424065254,
    0.4364361785213399,
    0.43239572625722944,
    0.44821886616463985,
    0.4529991956971447,
    0.449255270987564,
    0.447022591318403,
    0.44983218767628164,
    0.4375509852948396,
    0.44980155681231004,
    0.44287599762033975,
    0.4370587412615,
    0.45267182995813976,
    0.43705639039507566,
    0.44277850811525904,
    0.43609088252049794,
    0.4428366652186613,
    0.4508991271072293,
    0.44933022697519814,
    0.4419111672395505,
    0.4409430360201723,
    0.4466845256201229,
    0.45155881576656554,
    0.4468702018631171,
    0.44908941458471074,
    0.44293146399977784,
    0.44905753905728735,
    0.44482766619380215,
    0.44838560145834216,
    0.4443934822674864,
    0.45448086350600914,
    0.4462295430047171,
    0.4495885527652243,
    0.44795107471276513,
    0.4472169424436107,
    0.44728008930727564,
    0.44899497343146283,
    0.4476906024150967,
    0.4471993024304787,
    0.4479709145445261,
    0.4477633926438989
  ],
  "condition": "direct_mlp",
  "n_demos": 100
}