{
  "train_mse": [
    0.35357110012646986,
    0.1786961421909591,
    0.15330864878154696,
    0.1431427914780921,
    0.13722182367490884,
    0.1324073904850296,
    0.12798390427965328,
    0.1240591466600348,
    0.12110392175693978,
    0.12015673962179459,
    0.11713516021348964,
    0.1142018632222199,
    0.11313439807121062,
    0.11169153977147042,
    0.11141256517630842,
    0.10885433758994616,
    0.1086989551195642,
    0.10810400914844842,
    0.10674735669066215,
    0.10495574423952535,
    0.10400430440443051,
    0.10248832917504556,
    0.10210437534554209,
    0.10119245143638451,
    0.10091592244100053,
    0.09983535136130295,
    0.09986768103959957,
    0.09802499594537178,
    0.09625357746586738,
    0.0959080998326945,
    0.09513659811252431,
    0.09463099851475967,
    0.09357737301563408,
    0.09252771305388072,
    0.09132845287390054,
    0.09185164913817336,
    0.09042940373024688,
    0.09030421350789386,
    0.0900591188120093,
    0.08882279796771227,
    0.08776796430566787,
    0.08720059698211066,
    0.08669792809513609,
    0.08701376218640394,
    0.08572995771294807,
    0.08604803306323767,
    0.08414331158631619,
    0.08484483041894174,
    0.0832136630272904,
    0.08301797380196108
  ],
  "val_mse": [
    0.5109796012793876,
    0.5137210582037391,
    0.5277418654705458,
    0.5285654287918059,
    0.5228223843501691,
    0.5276922115704085,
    0.531482309236895,
    0.5243824298740969,
    0.5265636689722198,
    0.5268868957318457,
    0.5344841892257284,
    0.529787975858521,
    0.5239501317913355,
    0.5216532019163613,
    0.515327951728887,
    0.5095501283072683,
    0.5245441712102121,
    0.5145635453481523,
    0.5196934346133059,
    0.5145140148344494,
    0.5062470940209749,
    0.5099667997265976,
    0.5064381899038236,
    0.4950127203188174,
    0.4882928711741797,
    0.5007447536636449,
    0.492598319703428,
    0.48168149469997684,
    0.47388543479990264,
    0.4792731217404046,
    0.4727303823977753,
    0.4776979065398393,
    0.4661417615809959,
    0.465245713299354,
    0.4700825963415904,
    0.46145760809529074,
    0.4557619783184992,
    0.4577691877056075,
    0.4422114333123924,
    0.45528965961722495,
    0.446985172204323,
    0.4507149613235624,
    0.4446393561670258,
    0.4380566738936386,
    0.44155940683918393,
    0.43317611433853465,
    0.4321486983480622,
    0.4282238032868538,
    0.4396168496588027,
    0.42362208336404283
  ]
}