{
  "train_mse": [
    0.6128814159774034,
    0.23220736466541883,
    0.1814912066034408,
    0.15149526193483867,
    0.1354686704000548,
    0.12359837763196835,
    0.1147705794780455,
    0.10925459548485222,
    0.10325537669048784,
    0.09684257731279049,
    0.09471277328120085,
    0.09359448789917027,
    0.09188263476944716,
    0.08973263641092942,
    0.08794893430603727,
    0.08671257567199075,
    0.0867090457172943,
    0.08183588247109899,
    0.08190982382424823,
    0.08173022271535701,
    0.07933194803265109,
    0.07743056832927547,
    0.0792140902038523,
    0.07790119660643849,
    0.07526206703601951,
    0.07645740034462255,
    0.07584472711705481,
    0.07596336238904809,
    0.07403209751332843,
    0.0739963329934794,
    0.07288938932389495,
    0.07051009534623058,
    0.071355671998606,
    0.07026601124316378,
    0.06994074564723952,
    0.07048917476578334,
    0.06723397745244956,
    0.0688098164153959,
    0.06797273085042022,
    0.06771622791882163,
    0.06571495902914891,
    0.0662311375857666,
    0.06491727245097258,
    0.06688501850199625,
    0.06553122542042422,
    0.06624257101304777,
    0.062439123745033916,
    0.06509826314625941,
    0.0623737843902477,
    0.06341615121791841
  ],
  "val_mse": [
    0.5409845403124093,
    0.6170085769635598,
    0.6108093616162166,
    0.5874018475292174,
    0.5934618375027221,
    0.6236682851970818,
    0.6015627126660497,
    0.6215925227751161,
    0.5954304871243467,
    0.6139759590955285,
    0.6164223275533537,
    0.6239718305386179,
    0.6037353090292901,
    0.6304605552682201,
    0.599231750984502,
    0.624389010439351,
    0.6036652710102715,
    0.6249875235917538,
    0.6228050737015461,
    0.6113841270597415,
    0.6101084852052483,
    0.5974673316592262,
    0.6306652817853513,
    0.614036852474412,
    0.6099337446011179,
    0.6278451173009219,
    0.6063971081954123,
    0.6200426834939388,
    0.6081087863403746,
    0.6202422351371951,
    0.6104408822408537,
    0.609297944001343,
    0.6171685018328978,
    0.603758773183435,
    0.6173172971789707,
    0.6113215323524608,
    0.605802635697953,
    0.6131501768247314,
    0.6025228289915433,
    0.6174100904653019,
    0.6041714870971254,
    0.6163876629872604,
    0.6107564786585366,
    0.6090861995045732,
    0.6001798871225319,
    0.6153965683072009,
    0.5961678003184887,
    0.6040036226952671,
    0.6044921166113167,
    0.5967349806729094
  ]
}