{
  "train_mse": [
    0.48712725046578437,
    0.397628333180996,
    0.37691159774793537,
    0.3491875939492176,
    0.34040937310403685,
    0.32578644355944153,
    0.31586369857412255,
    0.3023833963222277,
    0.30500088661036884,
    0.29251527965880586,
    0.2854957746374749,
    0.28740266342848425,
    0.2719098325744293,
    0.26861825399694494,
    0.26826873222180847,
    0.262981762992441,
    0.2583887016762861,
    0.25657265374916804,
    0.25282087964411926,
    0.24277253594477258,
    0.24255429458286548,
    0.24301926981224872,
    0.23835896989705768,
    0.2379317260140856,
    0.22822501382355204,
    0.22980365294437413,
    0.22919105523152822,
    0.22801734882311625,
    0.227098021152157,
    0.21745881727556324,
    0.21975801081562069,
    0.21364469149602527,
    0.21396762535075317,
    0.21028524093163667,
    0.20865068239462406,
    0.20633705026410484,
    0.20643023234179178,
    0.20663434020058724,
    0.20683034113682516,
    0.1992326646360996,
    0.19739687998928357,
    0.19338607898624832,
    0.19714360332461378,
    0.19451197953336102,
    0.19251621083845716,
    0.18980107491204995,
    0.18614146592685432,
    0.18971235860572003,
    0.18563429468509185,
    0.18259213938639843
  ],
  "val_mse": [
    0.5013675677693813,
    0.5017834826037897,
    0.483566505043217,
    0.4850833573530424,
    0.4702609946249115,
    0.4694146263741937,
    0.4773198122345028,
    0.4691558319341469,
    0.46555564116951503,
    0.4725267663551172,
    0.4628573802374233,
    0.45546135203203664,
    0.4687368058048006,
    0.4739193973337201,
    0.4540901160075126,
    0.4545629560159692,
    0.44758301549470975,
    0.44430974116484423,
    0.44918391117890577,
    0.4364328642473647,
    0.43686555510725594,
    0.44197753752605806,
    0.4326075079157489,
    0.4403453944538133,
    0.4335964387734031,
    0.43536053340040415,
    0.4324197355045921,
    0.4300097494923596,
    0.42454658445882826,
    0.43376376690393426,
    0.43251182599364774,
    0.4272901800310484,
    0.41462989840738573,
    0.4295485096205849,
    0.4230756525576227,
    0.4174442855422042,
    0.4214539764961257,
    0.4190219137337014,
    0.43158185609561833,
    0.41551601249065845,
    0.4272767745750816,
    0.4210520048723647,
    0.4243872554291713,
    0.4202607756819344,
    0.40347290999338714,
    0.4128338649934609,
    0.4089188092605658,
    0.40903630865828056,
    0.4101569317961129,
    0.3983132210522046
  ]
}