{
  "train_mse": [
    0.45343403456886777,
    0.3779724116390779,
    0.3506408881876571,
    0.32776219401342654,
    0.3183772792101898,
    0.3053515806534676,
    0.29568483326500855,
    0.2930304518023741,
    0.2840497867409631,
    0.27932398174848483,
    0.2732951010958148,
    0.269272379670163,
    0.2598625661632757,
    0.2553755844993315,
    0.25057168373581734,
    0.24598148303032658,
    0.24194852676426873,
    0.23829606259469902,
    0.23645966239290772,
    0.2306441026212328,
    0.22769558089854885,
    0.2243715516406521,
    0.2208090588314946,
    0.22013085574430646,
    0.21513839641729182,
    0.20875983283045407,
    0.21035171793318802,
    0.20716463742408275,
    0.201477985496715,
    0.19755885053221076,
    0.199973697929835,
    0.19837019413750975,
    0.19262929638024745,
    0.191661989326965,
    0.19018780782825684,
    0.18582401284452835,
    0.18518301084497563,
    0.18315206813709378,
    0.17993779152305675,
    0.1793063859356113,
    0.1770369737977551,
    0.1756705467681485,
    0.17427701181431438,
    0.17234525770192374,
    0.1662600965965766,
    0.16776697314893324,
    0.16391060814906716,
    0.16456516763796183,
    0.16274613844703537,
    0.16316041374706233
  ],
  "val_mse": [
    0.5058609554357438,
    0.49719708008282226,
    0.48058556524132695,
    0.47095154209818924,
    0.46517061151257116,
    0.45829361204117064,
    0.45017116070175967,
    0.4356544473833699,
    0.43442797053026544,
    0.4272838138092858,
    0.41878141690967213,
    0.40411826129599565,
    0.40233312242589586,
    0.4026027946722934,
    0.395771955667789,
    0.4000087124578498,
    0.39992841849327854,
    0.3931689535327231,
    0.38644086731651833,
    0.3778872701703919,
    0.377504193096641,
    0.3803449651838324,
    0.37895289976588803,
    0.3757431424159126,
    0.3739539961870691,
    0.37174592684032787,
    0.37566445824502465,
    0.36208858370723607,
    0.35863934385866353,
    0.363054753496648,
    0.37186109803704204,
    0.36007889574377205,
    0.3673403863630101,
    0.35675840513893897,
    0.3554720576611853,
    0.3681211509784101,
    0.35365307887280545,
    0.35516582499411276,
    0.35030142970816797,
    0.35792600953733766,
    0.35457683622559927,
    0.35674269374830897,
    0.3429602224971691,
    0.35809677488551184,
    0.3483469884938798,
    0.34046515482672707,
    0.34689113805935096,
    0.34632048332406407,
    0.33970225451752145,
    0.3425643111108606
  ]
}