{
  "train_mse": [
    0.3293287700782996,
    0.14998104208918156,
    0.12526930210714918,
    0.11533067009264927,
    0.10984002652861227,
    0.10631462928418074,
    0.1039574697032734,
    0.10165597654340594,
    0.09987602433762982,
    0.09786143474135015,
    0.09764052649862613,
    0.09744243001621886,
    0.09450492206349508,
    0.09421898907552535,
    0.09406523102695502,
    0.09201688673889753,
    0.09122083719494273,
    0.09128451453902758,
    0.08880445956816418,
    0.08782700291582314,
    0.08560814389390338,
    0.08601971322205276,
    0.0837216585217795,
    0.08332993220357061,
    0.08156404423225017,
    0.08178148520968327,
    0.08122716072730354,
    0.08040906071644532,
    0.07881755008776872,
    0.0778069633569716,
    0.07723489191999125,
    0.07573718616087607,
    0.07621872511422952,
    0.07698682490216692,
    0.07572699776230764,
    0.07634646573994813,
    0.07542079438191751,
    0.07230718897494573,
    0.07104995464172692,
    0.07381661071636254,
    0.07169994166717082,
    0.07156620710504902,
    0.06914166232841117,
    0.06995221363008251,
    0.06842060385986366,
    0.06709443484897293,
    0.06717757808351979,
    0.06436418711744153,
    0.06594155150360752,
    0.06687315683516246
  ],
  "val_mse": [
    0.6641308257112294,
    0.6624384481440145,
    0.6752351629670965,
    0.6916313471082352,
    0.7076363024544177,
    0.7077718187032151,
    0.7084072517320401,
    0.7048635576060707,
    0.6969881092907623,
    0.7250805992871423,
    0.7041701817906245,
    0.7005069274559834,
    0.7043466817229838,
    0.7097500153835603,
    0.7129456907085487,
    0.6908507586404722,
    0.7040570362917368,
    0.7125900241643243,
    0.7007763354809253,
    0.7030604369980183,
    0.6954904825083048,
    0.6840850453317902,
    0.6935118258869073,
    0.6737393661628688,
    0.691582950544946,
    0.7116703231001733,
    0.6760276805442821,
    0.6813206772821845,
    0.6826620170736382,
    0.6862977140890553,
    0.6760056131597473,
    0.6924667908859803,
    0.660978957324986,
    0.6856857086959626,
    0.6455270370573919,
    0.6487148346686107,
    0.6611183243568497,
    0.6576481522974036,
    0.6445591840794478,
    0.6334398204515392,
    0.6431439307822772,
    0.6532973888422293,
    0.6314590598444765,
    0.627370883586297,
    0.6416359112892316,
    0.6450674189423375,
    0.6149648789012396,
    0.622722058757215,
    0.625695616804829,
    0.6031073832790955
  ]
}