{
  "train_mse": [
    0.5225016674183586,
    0.4164115771388821,
    0.3996368143723136,
    0.38282741325875386,
    0.352345830007142,
    0.3582629554925566,
    0.33647833598336596,
    0.3319970382336368,
    0.31660428579072897,
    0.3164282530287907,
    0.29845534472082924,
    0.29692886007008756,
    0.28607355618496866,
    0.28411277832850285,
    0.2797619033399693,
    0.2806420074283727,
    0.26554370226392143,
    0.26548334537086987,
    0.2627093725974979,
    0.2584110352791052,
    0.26422319633520147,
    0.25531519889031706,
    0.2501703379105549,
    0.25047806890976637,
    0.24196438126834638,
    0.2364380036381526,
    0.23870104799598563,
    0.23481571324417502,
    0.22652537895375402,
    0.22758550006716086,
    0.22578893868923855,
    0.23197911416881073,
    0.22162960266847,
    0.22605859310159745,
    0.2186375576122733,
    0.2163972670651362,
    0.21560215916685596,
    0.20879445277281503,
    0.21248213565646185,
    0.2116881453994269,
    0.21143360473871697,
    0.20929068975152668,
    0.20533856527079475,
    0.20543249832507382,
    0.2057245012965321,
    0.20535187032058114,
    0.20284408812486895,
    0.20360944629015454,
    0.19957294842701637,
    0.2036713516708856
  ],
  "val_mse": [
    0.4295948130466935,
    0.45450063034217114,
    0.43093234072163544,
    0.41956587203288326,
    0.4222848429220202,
    0.4140084119347053,
    0.41189436962380227,
    0.43671012284725247,
    0.4238003366361789,
    0.41315423874627977,
    0.4275847644340701,
    0.4350602950783972,
    0.43216541392185687,
    0.42423704636913834,
    0.4334085887594367,
    0.4106784160405778,
    0.4373748814741217,
    0.4225665899934669,
    0.43978109149290434,
    0.44207487206010454,
    0.42100902384581884,
    0.4271516700239547,
    0.4190846087625218,
    0.4335008503806439,
    0.438417157783464,
    0.4401571914017131,
    0.4529562140452599,
    0.43450410246987514,
    0.4313070228567799,
    0.40505758145960363,
    0.4149356713555277,
    0.425895806112079,
    0.41698623285060976,
    0.4320268619905089,
    0.4122450559396777,
    0.4375184310576365,
    0.42851018074912894,
    0.4291593084213487,
    0.42321316567309086,
    0.4145805190526096,
    0.39678940900388354,
    0.42109366493358014,
    0.42404188982424146,
    0.4322946439913618,
    0.4069069963160569,
    0.39756003987913763,
    0.421021145810649,
    0.42350175350246805,
    0.4128212746012086,
    0.4060293235291449
  ]
}