{
  "train_mse": [
    0.501978208486048,
    0.4248287672928816,
    0.387707370082664,
    0.37079840333729125,
    0.34951376769895726,
    0.3299356293104863,
    0.32298405044011813,
    0.3166891941986924,
    0.3087110848262392,
    0.30069395080230366,
    0.2926164713848228,
    0.2876443500900158,
    0.27604547067850577,
    0.269589512840764,
    0.26716645604733,
    0.26583601432895354,
    0.25826131665371566,
    0.2577767716183658,
    0.2546106281573446,
    0.24895850032075734,
    0.24536663399195885,
    0.24732722257814763,
    0.2399754155307395,
    0.23668341248389846,
    0.23772442137044741,
    0.22725852141688438,
    0.23099919520609968,
    0.22451400867374832,
    0.22463739218832063,
    0.22000645140363526,
    0.21685628965604964,
    0.21660253214718672,
    0.21078343088818233,
    0.21326573210776767,
    0.2098745933583563,
    0.2077634386379316,
    0.2065128292148958,
    0.20443300232269632,
    0.20089312022542719,
    0.1987069659701502,
    0.19810034288457773,
    0.1943750848496558,
    0.19568692618817463,
    0.19391766495374416,
    0.18663230946843987,
    0.18872041572387308,
    0.19055712779201794,
    0.1875144839114087,
    0.18505074659384566,
    0.1833961208258391
  ],
  "val_mse": [
    0.5053640837336276,
    0.5064601622113948,
    0.4880100679967747,
    0.4798567083513609,
    0.4779921016128953,
    0.4757504520212201,
    0.47982730469364576,
    0.47101757704949065,
    0.4634764991217698,
    0.4618913615702683,
    0.4592319726193754,
    0.45996992568537604,
    0.4573822885732969,
    0.4431159545821615,
    0.45880463049800385,
    0.45374633712240403,
    0.4498202862268427,
    0.4522574096449221,
    0.4560641366179594,
    0.4395519662308498,
    0.45803598700415943,
    0.4384853202190843,
    0.43261216525539353,
    0.4258090788047219,
    0.4374593515078027,
    0.43666294642857145,
    0.4361112869483559,
    0.42814109038826503,
    0.43157104338543306,
    0.42008332624009304,
    0.4159154105741622,
    0.42138998368913233,
    0.427487487985024,
    0.4104723729301054,
    0.4170128142331065,
    0.4192023976483834,
    0.41459844936133183,
    0.4100567269730373,
    0.40088574341665356,
    0.4116275276006431,
    0.41227302527262627,
    0.40899997180629033,
    0.41422954965042874,
    0.40132321645209745,
    0.4124053897461552,
    0.4079391834794387,
    0.3986717497799815,
    0.4049662259331734,
    0.41269879254100456,
    0.4052487391957402
  ]
}