{
  "train_mse": [
    0.4722380359618501,
    0.21384372731757137,
    0.17256297527283251,
    0.15188176247239168,
    0.14084503789917313,
    0.1349715057810423,
    0.1296037158680947,
    0.1247638617739102,
    0.12350748279352257,
    0.1191648453000992,
    0.11706252295755241,
    0.11498980493497032,
    0.11238382439121734,
    0.11136380761590829,
    0.10967166193425518,
    0.10717215488790675,
    0.10759567034999584,
    0.1060606988373955,
    0.1031043531347596,
    0.10461089254289034,
    0.10039178298900814,
    0.10124572904401319,
    0.09966556639016584,
    0.0989097093172701,
    0.09814964778839595,
    0.09765954531291762,
    0.09778236192811121,
    0.09639721295925076,
    0.09469354793826647,
    0.09409301676686252,
    0.0937734496007441,
    0.09271912524064162,
    0.09297093641116817,
    0.09225881373428531,
    0.09106651302625116,
    0.08939770289829799,
    0.08993331161407316,
    0.08994416518908727,
    0.08871106767823432,
    0.08853948037307276,
    0.0867408885300334,
    0.08718310653162142,
    0.08571888474952202,
    0.08644715537090186,
    0.0855099981822077,
    0.08510869220622534,
    0.08471511203567757,
    0.08322153871829896,
    0.08331642585903713,
    0.08256757415522227
  ],
  "val_mse": [
    0.5357011186784136,
    0.5889822216929964,
    0.5830452145149411,
    0.6069473724096119,
    0.618492323407688,
    0.6283590180074555,
    0.6244135751582041,
    0.6240695979668961,
    0.6351345809048445,
    0.6345437572651115,
    0.6375127648321007,
    0.6364145528167338,
    0.6439116947234623,
    0.6409283262310606,
    0.648627132717302,
    0.6391581892680526,
    0.6474312272652116,
    0.641895318042779,
    0.6489082252021705,
    0.6424839838739579,
    0.6487826319369289,
    0.646922258453834,
    0.6446614035318462,
    0.6398429387422714,
    0.6405866487450146,
    0.6409256008356757,
    0.6305429257699765,
    0.638079774289898,
    0.6489792763087848,
    0.6381820573511654,
    0.6357023487760792,
    0.6448050910738086,
    0.6352219354538691,
    0.6273432528722243,
    0.640373128450928,
    0.6276110168525533,
    0.63357755811776,
    0.6307457891320196,
    0.638540498220674,
    0.6259610370429869,
    0.6289122194477013,
    0.6228741818137977,
    0.624887901600955,
    0.6220611723948313,
    0.6263456407295925,
    0.60666225788703,
    0.6177683468332882,
    0.6140268976267511,
    0.623015628366377,
    0.6097383974682966
  ]
}