{
  "train_mse": [
    0.5978112940648713,
    0.2819691218351565,
    0.20982814491468732,
    0.17753239833109968,
    0.1617380792733311,
    0.14648537758777744,
    0.14111498797053842,
    0.13115937645557618,
    0.1267037216182102,
    0.12444501736999353,
    0.1198987129010245,
    0.11779791235889224,
    0.11440816639955753,
    0.11229760748377678,
    0.10994551002858377,
    0.11029856904835951,
    0.10867443432914316,
    0.10863999372563546,
    0.10613634302387442,
    0.10593744044164338,
    0.1030515816135014,
    0.09957324425678811,
    0.10015160531038755,
    0.09879635368972818,
    0.09725166769588695,
    0.09627453813135572,
    0.09592765436694782,
    0.0938267847380062,
    0.09579786457071716,
    0.0930927434681948,
    0.09214373776201785,
    0.09059096308453675,
    0.09101541530771623,
    0.08837591451480747,
    0.08971643682771129,
    0.08867338297160526,
    0.08839410534805921,
    0.08782893047924147,
    0.08710035259431426,
    0.08556268692569297,
    0.08665181781478082,
    0.0863959611723023,
    0.08593881651823916,
    0.08481267168016857,
    0.08304346682057454,
    0.08449535375399991,
    0.08220815700021422,
    0.0826838948491068,
    0.08153955696700656,
    0.08116189530537599
  ],
  "val_mse": [
    0.5115256768641343,
    0.5330293150050149,
    0.5845031546226007,
    0.615996373382434,
    0.6092480706898501,
    0.6194649678945091,
    0.6324565064014317,
    0.6403609240407686,
    0.6393596632365088,
    0.6447411087641107,
    0.6485994793920115,
    0.6459834373094812,
    0.6571115214093967,
    0.6496513083417735,
    0.6578575023845579,
    0.6585121610916359,
    0.652158954445111,
    0.6609555839216882,
    0.6596187257856749,
    0.660362882236027,
    0.667415496461267,
    0.663332882131549,
    0.6732736231021869,
    0.657047893507365,
    0.6673535202343258,
    0.6662358163361882,
    0.6770931025433645,
    0.6639305580480058,
    0.6722319154637351,
    0.6738439503520296,
    0.6629374403860525,
    0.6675686989286698,
    0.6733917178711553,
    0.6659985320833661,
    0.6642724163806836,
    0.6726348665692358,
    0.6764985763328941,
    0.6611425689063484,
    0.66839974117099,
    0.679538714803188,
    0.6782792357246106,
    0.6823409160328332,
    0.6630126876302903,
    0.6701601771456105,
    0.6661824441841371,
    0.6741451890007965,
    0.6709982486098274,
    0.6791042858433468,
    0.66674055672052,
    0.673725836377537
  ]
}