{
  "train_mse": [
    0.7600809875266459,
    0.3771731126298443,
    0.2830142990850289,
    0.22580976862130234,
    0.19478694840053423,
    0.17782680649046861,
    0.16258656941947905,
    0.15140634760164767,
    0.14467525295548708,
    0.13653935578271334,
    0.13497706182115665,
    0.1287470629070603,
    0.12288192693567956,
    0.12002752665071005,
    0.11856349766970947,
    0.11510639654580261,
    0.11266138355659312,
    0.11095957000194931,
    0.11135002351653686,
    0.10594815837293822,
    0.10569591484890992,
    0.10324350495161143,
    0.10046527277066916,
    0.10434307197568668,
    0.10024937818195022,
    0.10090202308081034,
    0.10013424193755788,
    0.0970650049838268,
    0.0960011128976687,
    0.09504985089471363,
    0.0958224822597061,
    0.09286001203844658,
    0.09100055347983318,
    0.0920755046687714,
    0.09117916278876437,
    0.09055180985533662,
    0.08972330922549884,
    0.08917797068360467,
    0.0886610040192768,
    0.08900176515651209,
    0.08525865665187307,
    0.0873475601328529,
    0.08817310029313255,
    0.08720788057203029,
    0.08491249287098454,
    0.08548531600273886,
    0.08390695061602338,
    0.0846801130738977,
    0.08317741029316532,
    0.0830418088431461
  ],
  "val_mse": [
    0.44430648325212324,
    0.48842834401767565,
    0.4796505528183072,
    0.4952083503466173,
    0.5180588566052373,
    0.5450820834240708,
    0.5406417935290542,
    0.5437404087611607,
    0.5241149831455066,
    0.5215432834957535,
    0.5325351409380444,
    0.5369149627862768,
    0.5613438764654108,
    0.5502308702635017,
    0.552722961922002,
    0.5575624614365563,
    0.5570507514767531,
    0.5615437471077417,
    0.5660962537882912,
    0.561311090449423,
    0.5641607800704123,
    0.5616243120962181,
    0.5741243262739547,
    0.5640211293644745,
    0.5645775700833878,
    0.5757025919171022,
    0.5812074880566747,
    0.5646348126950856,
    0.5595757000399245,
    0.5746757338963596,
    0.5647761647294207,
    0.5629127848023737,
    0.5680909195566565,
    0.5802261405705574,
    0.562555151395543,
    0.5726754679220202,
    0.5776794291816384,
    0.5640521077190404,
    0.5589555658391405,
    0.5821589205184742,
    0.5717197112505444,
    0.5686953519141079,
    0.5732786242831737,
    0.5669636831604784,
    0.5681920777076074,
    0.5664988306202816,
    0.577975672988803,
    0.5598769060549144,
    0.5644920074427446,
    0.5532432848568162
  ]
}