{
  "train_mse": [
    1.2064537116367755,
    1.0231099688669876,
    1.0125053931427088,
    1.0029768215641948,
    0.9986219608018942,
    0.9905686954737458,
    0.9711659638375753,
    0.920219305787401,
    0.8496685778148081,
    0.7752472885043271,
    0.7328064261449726,
    0.6563434778922018,
    0.616660310260487,
    0.5507686283888973,
    0.509773523029911,
    0.503304874084091,
    0.4636139497729148,
    0.4263817126197952,
    0.40499137432225457,
    0.42446016511236834,
    0.3727140309512214,
    0.35640202364401735,
    0.3226781784953318,
    0.3130291521469003,
    0.286187230939018,
    0.28045653419785566,
    0.2530691143828906,
    0.2639375233687644,
    0.25182109667400226,
    0.22675693524477458,
    0.22055394857948057,
    0.2204060856070739,
    0.20601168476101955,
    0.20731530720581115,
    0.19901538921370535,
    0.1905670423994903,
    0.18137662726408058,
    0.18347110516718013,
    0.17549165392093136,
    0.1713779872778875,
    0.16699641198922616,
    0.16699045444615168,
    0.1570056572175443,
    0.15647671526459206,
    0.1594920060515885,
    0.15631411047113375,
    0.15340081038444017,
    0.14840512520505367,
    0.14406424988781513,
    0.1385842579036296,
    0.13805888019612467,
    0.1348937824468754,
    0.13701370804365465,
    0.13306914703789288,
    0.13061104154656317,
    0.1318893435558646,
    0.12746043310084115,
    0.12257206557630262,
    0.1247168694004022,
    0.12652968534737652,
    0.12086089238183495,
    0.12390708203685288,
    0.1253188692665036,
    0.1203074733095353,
    0.11580257793615195,
    0.11966672770348083,
    0.11450558264742736,
    0.11514503155496955,
    0.11366408795265405,
    0.11259015644877521,
    0.11311029806271858,
    0.10968948169346078,
    0.10997866544021839,
    0.10928755838502517,
    0.10768487826223704,
    0.10917976799100544,
    0.10759463233763779,
    0.10496103506202706,
    0.10349040432006268,
    0.10405167830650879,
    0.1044549235498333,
    0.10314912841011452,
    0.10387776899345791,
    0.10245655229028537,
    0.10195463135363864,
    0.10055846760376198,
    0.1009123192815141,
    0.10079142444935439,
    0.10089781668125754,
    0.10112524956143881,
    0.09959191730026173,
    0.09964402022651622,
    0.10027735978832904,
    0.10094007499058079,
    0.0989342812915028,
    0.09787980627524259,
    0.09965100853017436,
    0.09967263237464155,
    0.09974878225199788,
    0.09831143368809359
  ],
  "val_mse": [
    0.92872901543327,
    0.8778657465395721,
    0.8770306607951288,
    0.8722384396843288,
    0.8515377024982287,
    0.8546364736557007,
    0.8222178370019664,
    0.7540353456787441,
    0.709268775400908,
    0.6871569697753243,
    0.5525777403168056,
    0.5236499559361002,
    0.5048081026388251,
    0.4967424087939055,
    0.48415875626646954,
    0.46830487277196803,
    0.4860432064533234,
    0.5053438177316085,
    0.45905337333679197,
    0.49164057488026824,
    0.45186521519785344,
    0.46808702608813413,
    0.42604147911071777,
    0.46929748244907543,
    0.4826583551323932,
    0.48086878838746444,
    0.49649822442427927,
    0.46469648309375927,
    0.4688594617014346,
    0.46314885523008265,
    0.48754248162974484,
    0.5314001810032388,
    0.472175729793051,
    0.46747600348099416,
    0.4714118417449619,
    0.48952961227168207,
    0.4696606211040331,
    0.5026068815977677,
    0.5178886649919593,
    0.4933402844097303,
    0.4790801681642947,
    0.4790970789867899,
    0.49053416863731714,
    0.49368710310562797,
    0.4831188188428464,
    0.4818027087916499,
    0.504034469542296,
    0.49595786250155904,
    0.47795779622119405,
    0.47444703381994496,
    0.4991712580556455,
    0.48688747053561005,
    0.5158835446316263,
    0.49077635671781455,
    0.5010671179190926,
    0.4953824305534363,
    0.48278791790423187,
    0.4882535584076591,
    0.4887750545791958,
    0.49632824897766115,
    0.49835132484850675,
    0.5098534491787786,
    0.508101256619329,
    0.5026011578933053,
    0.48783960321675174,
    0.4888054267219875,
    0.48537410176318624,
    0.4901872369517451,
    0.4839148423982703,
    0.5021720670617145,
    0.4937380358447199,
    0.48384072780609133,
    0.4925885609958483,
    0.49216958885607515,
    0.5079463333668917,
    0.5045110572939334,
    0.4940119959997094,
    0.4933950309131456,
    0.49197502208792643,
    0.4982604319116344,
    0.4944991507737533,
    0.4890945076942444,
    0.500127853103306,
    0.4887227286463198,
    0.49917396421017857,
    0.4979957107875658,
    0.49256385823954707,
    0.4982612154794776,
    0.49598482785017595,
    0.49719348969666854,
    0.4943655247273652,
    0.49705724964971126,
    0.49836645955624786,
    0.49734087653782055,
    0.49698009884875755,
    0.494264018535614,
    0.4952897198303886,
    0.4961617342285488,
    0.49634378142978836,
    0.496345402987107
  ],
  "condition": "concat_mlp",
  "n_demos": 25
}