{
  "train_mse": [
    1.1342575770421326,
    1.020322198181101,
    1.009863110254997,
    1.0022702536383998,
    0.992960029222763,
    0.9801475224659656,
    0.9579711120831372,
    0.9219143247593674,
    0.889640670418472,
    0.8693071312838041,
    0.8401384711158602,
    0.8101368978880296,
    0.7829326135045801,
    0.7354599605124326,
    0.7263692218715057,
    0.7145767291868251,
    0.6850772510466955,
    0.6559018577466155,
    0.6467734364823623,
    0.6325743314448682,
    0.604616255624351,
    0.5926859632582342,
    0.579033306624762,
    0.6123147387309906,
    0.590860426987485,
    0.5664888185040734,
    0.5498214473955404,
    0.5546193396152002,
    0.5459923949301537,
    0.5352802839232111,
    0.5206008946858163,
    0.5092534583317639,
    0.5004339729953422,
    0.4993692278567854,
    0.4904415239368976,
    0.4994420225094016,
    0.5062934111965884,
    0.49337016078804363,
    0.4877023614939685,
    0.4631047306466177,
    0.46288320923557513,
    0.4446875183584445,
    0.4615182065546593,
    0.45993482645395467,
    0.45638874733378504,
    0.43144222194167625,
    0.42518972044249936,
    0.4208821515670107,
    0.4071716739089567,
    0.40215176480294557,
    0.3946560594521065,
    0.3856131191502884,
    0.39193984035848767,
    0.4078030321110306,
    0.3973610106472907,
    0.37835331534579925,
    0.3758995460255256,
    0.37174632524952006,
    0.36318698929210796,
    0.3725018474808612,
    0.3503228195743638,
    0.33781154507904,
    0.3458724726257221,
    0.3474993677939359,
    0.33279035554278746,
    0.3283215161127165,
    0.3259240290866191,
    0.3303744767267322,
    0.32386106590938013,
    0.32225031714206215,
    0.3095126302855172,
    0.3109584390555545,
    0.30758127745302766,
    0.2987216443371591,
    0.3033493579958201,
    0.29943727783795265,
    0.2942074403708267,
    0.2937643290528699,
    0.2857228984823137,
    0.2857458378472848,
    0.2799640314468839,
    0.2770561823239504,
    0.2722970432313155,
    0.27176225857918657,
    0.2698300993324877,
    0.2695806014960312,
    0.2679675643542466,
    0.26349503371468463,
    0.26201973681013485,
    0.2647045308455805,
    0.2596741729169857,
    0.2586252989524039,
    0.2584467288649847,
    0.2579957869968483,
    0.2560931546049516,
    0.25729269826824,
    0.2607562076943827,
    0.2590468230938473,
    0.2550948388095713,
    0.257986044378332
  ],
  "val_mse": [
    0.8884711382700049,
    0.8897125511584074,
    0.8677033744687619,
    0.8591540731554446,
    0.8570230726573779,
    0.8313632469591887,
    0.789425582367441,
    0.7613056580916695,
    0.7358909745838331,
    0.7278062055421912,
    0.6943968199646992,
    0.7157262596876725,
    0.6309793619487597,
    0.5734192900553994,
    0.5560440633607947,
    0.5610614091417064,
    0.5297616782914037,
    0.5083814004193181,
    0.49594340065251225,
    0.5068543062002763,
    0.49274974019631096,
    0.4785349779025368,
    0.47328644270482273,
    0.4670333483426467,
    0.4727032434422037,
    0.45276616578516754,
    0.45934324243794317,
    0.43863659620285034,
    0.4689897472962089,
    0.4515778045550637,
    0.4533049960758375,
    0.43483738318733545,
    0.4180050502134406,
    0.4190522527694702,
    0.42401588595431783,
    0.40839266502338906,
    0.4375919680491738,
    0.4229317693606667,
    0.4380519030405127,
    0.40991121971088906,
    0.4038251403103704,
    0.43001572551934614,
    0.4008622085529825,
    0.4264000479034756,
    0.39328979621762816,
    0.43608482578526375,
    0.4014518214308697,
    0.40416721033013386,
    0.4068599680195684,
    0.3913689861090287,
    0.3946254777908325,
    0.40722325221351957,
    0.42548330918602323,
    0.3986675621115643,
    0.4170637651111769,
    0.3998126296375109,
    0.4479919365177984,
    0.42149017676063205,
    0.4505702668687572,
    0.403335426993992,
    0.4090972668191661,
    0.4188391661643982,
    0.4275578556890073,
    0.4149380818657253,
    0.4084603290972502,
    0.408978954087133,
    0.4412485001398169,
    0.4313382531249005,
    0.49009791622991145,
    0.42972359615823497,
    0.4394560562009397,
    0.4527110891756804,
    0.431494345664978,
    0.44457259603168653,
    0.4265834838411082,
    0.4155677436745685,
    0.4329578763505687,
    0.41420402941496476,
    0.42353399349295573,
    0.43305864396302596,
    0.43032714169958364,
    0.4298570381040158,
    0.42359571280686753,
    0.43396074191383693,
    0.4233685096450474,
    0.4337152148329693,
    0.43518622377644417,
    0.4324235920284105,
    0.43391923386117687,
    0.43761073744815326,
    0.4333327411568683,
    0.43575312666271043,
    0.4290204103096672,
    0.438311363303143,
    0.4342801132409469,
    0.43119989281115323,
    0.43160511421120684,
    0.4329430917034978,
    0.43350208386130956,
    0.43356348151746005
  ],
  "condition": "direct_mlp",
  "n_demos": 25
}