{
  "train_mse": [
    0.4656853854408211,
    0.3928323029406285,
    0.3619838990311278,
    0.33994790552062565,
    0.3190755898494312,
    0.31242876586349705,
    0.30171194677636554,
    0.29100191231261857,
    0.2810451209517579,
    0.28096486240198254,
    0.2699512593972883,
    0.26512752032680453,
    0.2639073580434573,
    0.25475245790427187,
    0.2492609680994098,
    0.25284882696995037,
    0.24659403852256132,
    0.24367896726822555,
    0.23826875009123763,
    0.2296063579971424,
    0.22613147212978063,
    0.22443623277508692,
    0.21917623848223616,
    0.22012664893684264,
    0.21649902350804456,
    0.21322598679992705,
    0.2128055823530837,
    0.2096241489362783,
    0.2068648647685175,
    0.20546044537642277,
    0.20098104607730088,
    0.1972562178824712,
    0.1987573503437533,
    0.19262816414000497,
    0.19277356001239176,
    0.1906596051652767,
    0.18602343585866316,
    0.18462034799520252,
    0.1837484307126724,
    0.1825048752642317,
    0.17762374407632597,
    0.17607871290898539,
    0.1722135939166733,
    0.1723945724668369,
    0.17505020962269982,
    0.17040937085386085,
    0.16831612789055878,
    0.1682835645200953,
    0.164637078414402,
    0.16173124144341475
  ],
  "val_mse": [
    0.5206712579352554,
    0.491701332521645,
    0.4719998015794728,
    0.46197799430628206,
    0.4635044995152417,
    0.44677483853916145,
    0.44122032616905665,
    0.4386188897907648,
    0.43025988196072834,
    0.4312524543237434,
    0.4187489372425896,
    0.41338161598781714,
    0.4073180271605565,
    0.39998718330220606,
    0.399648593292799,
    0.39194989445233586,
    0.3929575519032713,
    0.3885394902647507,
    0.38386286835993866,
    0.380052746039888,
    0.38212747162535576,
    0.38046158470556257,
    0.3756529205747956,
    0.37657139349847685,
    0.36993865208383436,
    0.37331357230852674,
    0.3688814237520292,
    0.3730233592904491,
    0.36508820181915885,
    0.36328758642194514,
    0.36743939601402165,
    0.36378569768869246,
    0.36828980255493926,
    0.3621263086595118,
    0.3560939909308236,
    0.3574094223406561,
    0.3544543255440065,
    0.3571903533960012,
    0.3503485834520177,
    0.35706071852108634,
    0.34752398269650875,
    0.35846347512200377,
    0.3540901647692826,
    0.3468372368824029,
    0.35175945263022085,
    0.35232253791010304,
    0.3487634749027978,
    0.35014024972724517,
    0.352294501077867,
    0.3470085649244178
  ]
}