{
  "train_mse": [
    1.015853439241499,
    0.8090786342886007,
    0.6815085359794534,
    0.621290661594392,
    0.5754171655209743,
    0.5459073970224116,
    0.5132562083337647,
    0.4981442534871746,
    0.49113475965407993,
    0.4747790142829768,
    0.4820547215443693,
    0.45912950244607603,
    0.44643793468022264,
    0.4502961548665546,
    0.4288853748317789,
    0.4296062987370811,
    0.41882969421588956,
    0.4222156326516692,
    0.4150009266746987,
    0.4093811713893877,
    0.399290478811175,
    0.3943723896926312,
    0.3941715644317719,
    0.38287784743852993,
    0.39014033312455854,
    0.38384808203227266,
    0.3762077138956002,
    0.38211227501078626,
    0.3747852251269952,
    0.370769875101928,
    0.37450891708296263,
    0.36474062133332263,
    0.35706461863380234,
    0.3601929086276917,
    0.34915652209561254,
    0.3544888262486975,
    0.3528446081470717,
    0.35377173896889447,
    0.3488400297121587,
    0.337370867675967,
    0.33863077798215385,
    0.33443199797137957,
    0.33281509856323155,
    0.33377977509081547,
    0.3243403954178358,
    0.3222863819017617,
    0.32601417387919435,
    0.3250374994170101,
    0.31807925437808277,
    0.31503338436325884,
    0.3171235196407568,
    0.30844119832429645,
    0.30511582006795407,
    0.3065607029380042,
    0.3083645646915276,
    0.2973825320107677,
    0.29645056047288393,
    0.29784521023410826,
    0.29109728019604525,
    0.2900947523288382,
    0.28260428036894114,
    0.28424134332136763,
    0.28452160618759575,
    0.2786159668425182,
    0.2741766189376751,
    0.2736190353636624,
    0.2724427112994815,
    0.2672453192117638,
    0.2637401068703358,
    0.26076926439271997,
    0.2594735905976229,
    0.25845450308595014,
    0.2552289992498759,
    0.2529472134739883,
    0.2493863395878907,
    0.24665761932372293,
    0.2459243878246066,
    0.245371226611164,
    0.24239507758492004,
    0.24027487064998612,
    0.23728021996993479,
    0.2361489439653499,
    0.2362204329797595,
    0.2333722191876238,
    0.23365764392750418,
    0.23029845441098307,
    0.22985561122935028,
    0.2288610154763876,
    0.22829685099207683,
    0.22775194522357115,
    0.2263349642881176,
    0.2253745553437454,
    0.22391479398619776,
    0.2234738700614693,
    0.22369915466554913,
    0.22386263236215811,
    0.22295542802302723,
    0.22172321989316224,
    0.2216335546227701,
    0.2229281703552097
  ],
  "val_mse": [
    0.893737668074455,
    0.7426832911304785,
    0.6534790155224158,
    0.5825444787066711,
    0.6129121028450972,
    0.5216949766247204,
    0.5131980583731052,
    0.5311958330570772,
    0.5211146815102126,
    0.6564701174681634,
    0.479466636536044,
    0.4765737486272435,
    0.515355443016735,
    0.4827966223717205,
    0.47152184978230044,
    0.4715633523323543,
    0.5118934401720323,
    0.5013934874253287,
    0.4575350221806923,
    0.46917366595277626,
    0.46302096913463364,
    0.4486876803396257,
    0.4707737763957171,
    0.45633039834928374,
    0.46261258281203266,
    0.464394421756795,
    0.4802618774282311,
    0.44731556028860275,
    0.4964587772021486,
    0.44075533281150936,
    0.4616122709966339,
    0.4431569260540496,
    0.4692143713361277,
    0.42592994908902027,
    0.4440799528577217,
    0.46412830130657734,
    0.512616228916652,
    0.4696579172606548,
    0.4297446674419129,
    0.4410704496042801,
    0.4327888664008359,
    0.43576380762847594,
    0.468062977511857,
    0.4373444586845743,
    0.4317629388241407,
    0.45923171289550874,
    0.44038487933026654,
    0.4699754916168127,
    0.4265803597904119,
    0.4410985784837747,
    0.4350116751186967,
    0.4300999849477935,
    0.4344781617792424,
    0.44972225122278303,
    0.42881957802449006,
    0.42795223523381887,
    0.43507616432601603,
    0.4409709476440002,
    0.42497426025283724,
    0.4318760473995434,
    0.43680994450284083,
    0.43115009896405915,
    0.42721411308590523,
    0.43460520481289666,
    0.43465487146447895,
    0.42911588744779605,
    0.4272730384780242,
    0.4416321884390175,
    0.4276310249943297,
    0.43011006184852696,
    0.42668970404238593,
    0.42855142143975317,
    0.4257509367655864,
    0.4222427113862633,
    0.43613623171429367,
    0.4304306775653843,
    0.4324432551743593,
    0.43075352830403907,
    0.4314367159277992,
    0.43231494212220906,
    0.42859424237773597,
    0.42881633125926893,
    0.4295126756325349,
    0.4337664846649564,
    0.43112871992670093,
    0.43080832845693495,
    0.4273304058152783,
    0.4301134940797249,
    0.4302654397640022,
    0.4306616301792092,
    0.4315774082727254,
    0.43012337243896903,
    0.4309241328443398,
    0.4298615832127184,
    0.42873163837481626,
    0.4306426538244227,
    0.43055136373143865,
    0.4307662976878231,
    0.4304889630661836,
    0.4304427389256957
  ],
  "condition": "direct_mlp",
  "n_demos": 200
}