{
  "train_mse": [
    0.2504118880905447,
    0.13387574393533017,
    0.12104750438452677,
    0.11656418137977026,
    0.11281828248865396,
    0.11110521245218155,
    0.10876975854267917,
    0.10693264400531352,
    0.10502933459944731,
    0.10358755957970785,
    0.10169955482060385,
    0.09937622248551861,
    0.09843460470635161,
    0.0969764819934914,
    0.09687838184672647,
    0.0967734589971667,
    0.09283023860618324,
    0.09112460616946026,
    0.09047055481485404,
    0.08828134211917792,
    0.08940780767127074,
    0.08892231552117678,
    0.08540321713209882,
    0.08497034972076249,
    0.08258385547044818,
    0.08298485798136893,
    0.08122928838434595,
    0.08073733606685678,
    0.08146705060709457,
    0.079640968307468,
    0.07782443940686813,
    0.078259979543382,
    0.07679624993359574,
    0.07704073405872378,
    0.07542926867787916,
    0.07717411276460735,
    0.07464349136926482,
    0.07347935386106558,
    0.07270156819396888,
    0.07371769074712661,
    0.0729757091280094,
    0.07130944509386894,
    0.07053487451298315,
    0.0710193397678581,
    0.06959225464213284,
    0.06907159929820253,
    0.07005209258178346,
    0.06793957998931681,
    0.06775797506237294,
    0.06735949652751885
  ],
  "val_mse": [
    0.554159040471043,
    0.5576781609630328,
    0.5646330612653313,
    0.5679507511181188,
    0.5729639168162659,
    0.5827906797945446,
    0.5517908343657579,
    0.5629998658652361,
    0.5454794720069631,
    0.5426029572054168,
    0.561130083831851,
    0.5549279687361076,
    0.5388478190286962,
    0.5426562281560312,
    0.5404264182164734,
    0.5416280604222821,
    0.5190430738569627,
    0.4993195009645712,
    0.513495606053693,
    0.48651930314047176,
    0.48918647686140593,
    0.4762677983560759,
    0.48313882558707816,
    0.4743056752860957,
    0.4661924505562224,
    0.46874598765594583,
    0.45104553186097307,
    0.45049780805370127,
    0.4512593674067074,
    0.4549549853384013,
    0.4432847810455624,
    0.43672526800264744,
    0.43543565355399727,
    0.43967103458300577,
    0.4257738970824793,
    0.41353980764438736,
    0.43152005588911935,
    0.416843225799588,
    0.42168980610159995,
    0.41917540535094244,
    0.4228436794777979,
    0.4151441009146755,
    0.4019357339105552,
    0.4068039913811559,
    0.411609175534404,
    0.40284272245605324,
    0.41552852277592933,
    0.4231237552593696,
    0.4004698756498718,
    0.4138648829155962
  ]
}