{
  "train_mse": [
    0.4329238676445311,
    0.36328266091740247,
    0.3365771001225198,
    0.3204338717757157,
    0.3037805194931887,
    0.2925688166368329,
    0.2838606430813391,
    0.2774098635359765,
    0.26684725940265813,
    0.2612797181890109,
    0.25634237280848415,
    0.24633032583502684,
    0.23794450047146562,
    0.23694927417609624,
    0.2323094434568356,
    0.22892235222464136,
    0.22050342423539213,
    0.21705419553167557,
    0.2148851147987926,
    0.20933289870924524,
    0.20533406576289936,
    0.2023413077746565,
    0.19773186513599147,
    0.19695103916108656,
    0.19330291609608535,
    0.18570266831499352,
    0.183854120212913,
    0.1816355197978453,
    0.18152757134955083,
    0.17481176054545738,
    0.1738480935767121,
    0.1707787425586624,
    0.16767173631247223,
    0.1667141929329111,
    0.16512509500561728,
    0.16480121389749627,
    0.15969709531123374,
    0.15720436189348871,
    0.15304618180462828,
    0.1518975629457899,
    0.15154313916759501,
    0.1498139012636356,
    0.151211047944953,
    0.1460178669281404,
    0.14189907370030766,
    0.13975527728793166,
    0.13922523524780758,
    0.13695405782636783,
    0.13620232985978928,
    0.13408334015565157
  ],
  "val_mse": [
    0.39801343910420645,
    0.37754372102338135,
    0.36753725484303634,
    0.36286281918151253,
    0.3573431384602718,
    0.349635139915464,
    0.3410515935166077,
    0.33666505268070646,
    0.32009381582437785,
    0.3139102681020878,
    0.30771153927849026,
    0.30478051166471587,
    0.30559444741668657,
    0.3037226215098639,
    0.2864858427958847,
    0.2915113494224126,
    0.2859940815914459,
    0.28194593376440713,
    0.2846731464103797,
    0.2761392721911325,
    0.2718961052496157,
    0.27657796466161333,
    0.27230963602720104,
    0.2704870470200659,
    0.26232525487615876,
    0.25650878979367886,
    0.26257254756757265,
    0.2599685796901615,
    0.25763085574652483,
    0.25295407917014706,
    0.2553057320712747,
    0.2562610686771453,
    0.25458813370541566,
    0.24938610450491,
    0.2515463244954281,
    0.23542039042356022,
    0.24619404260681646,
    0.2396884163042213,
    0.23837250797789267,
    0.2394827733892422,
    0.2417918339786718,
    0.23405994644919068,
    0.23299092181109496,
    0.23536221943204366,
    0.2326787609866937,
    0.2276731629898606,
    0.2260467287093874,
    0.22033984563278558,
    0.2231009130029487,
    0.21825114179064536
  ]
}