{
  "train_mse": [
    0.4516596831435295,
    0.18429581126210587,
    0.14325768385925558,
    0.12399360747380175,
    0.11605848115066002,
    0.10869301591738864,
    0.10514904498639434,
    0.10083664413536159,
    0.09897945252614448,
    0.09682620238373502,
    0.09311302017039473,
    0.09304217910877141,
    0.0910034511304185,
    0.08870152727965512,
    0.08815432658785496,
    0.08627677592496118,
    0.0857814400826838,
    0.08463279505254082,
    0.08469719224928152,
    0.08343163852033944,
    0.08080725557940209,
    0.07956591871157137,
    0.07943687615827076,
    0.0804479356366149,
    0.07863421123706925,
    0.0765994930571316,
    0.07596124037215068,
    0.0742532652172618,
    0.07536046589951141,
    0.07268627357980335,
    0.0732971739679169,
    0.07385501126488614,
    0.07363388317973674,
    0.07044601661507477,
    0.07230407098036716,
    0.07167105839170258,
    0.07098848790025337,
    0.07062325246850154,
    0.07157884242395773,
    0.06810346585154638,
    0.06739757883828539,
    0.06802696022424999,
    0.06716279256727273,
    0.06678837245873734,
    0.06687007617756996,
    0.06748272418561309,
    0.06694321147395853,
    0.06577631702494946,
    0.06476570688721339,
    0.060817198420358515
  ],
  "val_mse": [
    0.6355252803084683,
    0.6417430688030994,
    0.6449458588587555,
    0.6747415013250275,
    0.6803744816044879,
    0.6918269854210096,
    0.688072094158079,
    0.6967488619574517,
    0.7008498559739321,
    0.7157089972811124,
    0.709349279961847,
    0.7117140753753834,
    0.7063352033880389,
    0.7167500135206891,
    0.7224712239788192,
    0.7207558633697491,
    0.7231819436113515,
    0.7324183411835273,
    0.723974248311143,
    0.6995112501352069,
    0.7393558951126397,
    0.7243777179658001,
    0.7235653242875826,
    0.7209118890492251,
    0.7161640721795842,
    0.7109165851840289,
    0.726198094381785,
    0.7399253197028398,
    0.7239067600987256,
    0.7076944167543463,
    0.7215349162577682,
    0.7114939992723411,
    0.7133307387950362,
    0.7116179517262232,
    0.7215748061317554,
    0.7059474438522656,
    0.6938748512724198,
    0.7175219027481415,
    0.702297722040444,
    0.6997322288978918,
    0.7105656426383535,
    0.7192916341965269,
    0.6982896059395158,
    0.6895567964202132,
    0.6955885602063995,
    0.698099586482015,
    0.708840275951119,
    0.67916564749351,
    0.6801108665778398,
    0.6835528422332245
  ]
}