{
  "train_mse": [
    0.8252491469752499,
    0.4838499560314815,
    0.42104710084884767,
    0.37715763628466153,
    0.33319860495166603,
    0.31656417014847466,
    0.2916919259275842,
    0.2724209711609655,
    0.25008675796811664,
    0.2417166019105898,
    0.2346862289603609,
    0.2224739891608934,
    0.21301190187253197,
    0.20923235485065173,
    0.19850156131922483,
    0.18943459007171468,
    0.18569735558232284,
    0.17583230743536177,
    0.17262233086794757,
    0.16970098301922437,
    0.16324861828828277,
    0.1606756375093916,
    0.15488106650548972,
    0.15126654006663667,
    0.15023434078823364,
    0.14809323450290593,
    0.145134921309866,
    0.14204065900359503,
    0.13713000358600738,
    0.1376167491457467,
    0.13725232344817476,
    0.1341196219615174,
    0.13136150519008705,
    0.12850435559297027,
    0.12594094301756448,
    0.1288143602669289,
    0.12422388773708327,
    0.11802459196368509,
    0.1220420643308158,
    0.11911371202818134,
    0.11780505864220955,
    0.11895000318058516,
    0.1153886756118463,
    0.11115062906650781,
    0.11363794605659312,
    0.11094004967241337,
    0.11256504672047543,
    0.10901775792020307,
    0.10822025903750306,
    0.1069290122740556
  ],
  "val_mse": [
    0.42079579068670153,
    0.4231418162134328,
    0.3905745272575494,
    0.35148221856625655,
    0.33553407250381095,
    0.3426080542020543,
    0.3502312814178644,
    0.35000259452580573,
    0.3484409877232143,
    0.3504539782161912,
    0.36331173213378337,
    0.367689639987569,
    0.3710739011686992,
    0.3742482964031649,
    0.37028895077943524,
    0.38151977397285136,
    0.38132238443443306,
    0.39888303537402003,
    0.389711103095964,
    0.3808020260552773,
    0.38313468906522213,
    0.39152677493920585,
    0.38828166824323096,
    0.3959417930186556,
    0.38534740842316345,
    0.3929444068261832,
    0.38992408814469004,
    0.3895252329685685,
    0.3928703990409045,
    0.3986128431579377,
    0.39993509432164637,
    0.38934538837924654,
    0.39126349436973723,
    0.39902949139354676,
    0.38008909856816203,
    0.4088601213160569,
    0.3801118892798164,
    0.39890242342887994,
    0.3953898537311266,
    0.40576664551348357,
    0.37517353549651566,
    0.3925409438856526,
    0.39516534927137775,
    0.3832463032969476,
    0.3803620199985482,
    0.38284159980446064,
    0.3990189998684306,
    0.37282102365527003,
    0.39294493849130735,
    0.38533982333405925
  ]
}