{
  "train_mse": [
    0.502787546512513,
    0.3552414273258527,
    0.318841769736471,
    0.29614193496355123,
    0.27545451429333395,
    0.2614668170270075,
    0.24989119525289769,
    0.23596220824396985,
    0.22868566131274543,
    0.21820665201662942,
    0.2149120799914626,
    0.20679283610761304,
    0.20182339235618066,
    0.19528391709765905,
    0.19192182581055092,
    0.18518642136691285,
    0.18138258660785536,
    0.17659430067079465,
    0.17345989286275423,
    0.17116718179034146,
    0.16776141955244767,
    0.16556184777545463,
    0.16025720240916302,
    0.15896970105523608,
    0.157372761317085,
    0.15210566864803923,
    0.14916513508102444,
    0.14572617821363007,
    0.14552976420591474,
    0.14319694120167506,
    0.14003731627340457,
    0.13745011195646895,
    0.13592368939132612,
    0.13271287400317014,
    0.13193141813382386,
    0.13100630667504076,
    0.12807006815748576,
    0.12695242329067044,
    0.12507149777790777,
    0.12321608673939023,
    0.12204967941926187,
    0.12128109514287427,
    0.12032449487449587,
    0.11768102085270855,
    0.11618223807872394,
    0.11622016989512872,
    0.11354366390888881,
    0.11086770590773982,
    0.10955292181820336,
    0.10946639093456659
  ],
  "val_mse": [
    0.36304287883327835,
    0.32948291340999597,
    0.32379483305504664,
    0.30922605406563236,
    0.2977299891606388,
    0.29453112387164476,
    0.2813059306137574,
    0.2758177454223816,
    0.26445219708831413,
    0.27138662552469395,
    0.2651881240520266,
    0.26341588013755524,
    0.2571893962210044,
    0.2592427612743395,
    0.2524453934597805,
    0.24365007709550016,
    0.24523289198645506,
    0.2555898190544336,
    0.24086226800060015,
    0.24220519452867625,
    0.2464967689388489,
    0.24149457549363348,
    0.23815884608714014,
    0.23930516204422697,
    0.240649382987398,
    0.2314505769878706,
    0.22463756423040793,
    0.21354490556057143,
    0.22748583382066406,
    0.2306464915862516,
    0.2203917159188754,
    0.21359678612886412,
    0.2156722419238369,
    0.21393929773121045,
    0.21134916170159654,
    0.2094360264735009,
    0.2029629342032607,
    0.20376372473009263,
    0.20790668132241596,
    0.20366229308369133,
    0.20103642639909614,
    0.19797565566454509,
    0.19205182381967256,
    0.1919149277130977,
    0.19081847929747456,
    0.18960337083330409,
    0.19237636441633207,
    0.19156644672075052,
    0.18342766500440463,
    0.1837050148597482
  ]
}