{
  "train_mse": [
    0.4422828911680475,
    0.3712724300565212,
    0.34529649237489013,
    0.31943794348260357,
    0.3085062713905692,
    0.29524702685670545,
    0.2860654835907745,
    0.2786232008761153,
    0.26905083031716187,
    0.2635674890316227,
    0.25118137279296066,
    0.24806186383430193,
    0.24404023903437302,
    0.24065149144513825,
    0.2338334211432334,
    0.22708256092431328,
    0.22365472901950365,
    0.22225890687583358,
    0.2175501511686669,
    0.21299583467649286,
    0.20797419274943413,
    0.20415735689988862,
    0.20224461638219496,
    0.1981064625526878,
    0.1948953059717094,
    0.19159822359799988,
    0.18773608783988274,
    0.18584038677438375,
    0.18335690219132017,
    0.17807276156189014,
    0.17850747005892525,
    0.17453690449087325,
    0.1727338498226254,
    0.16724607908707262,
    0.16643061785870444,
    0.16301453677313596,
    0.16119578608140572,
    0.15966320791321298,
    0.1569166068466914,
    0.15526744686930372,
    0.15171093422131868,
    0.15026367502447222,
    0.1483671225631899,
    0.14584448588744808,
    0.14464512735856475,
    0.1429054173153118,
    0.14243061548910155,
    0.13966179881858198,
    0.13879364219022078,
    0.13538497765023771
  ],
  "val_mse": [
    0.4003310613412277,
    0.3791210315083986,
    0.37683191839254127,
    0.36201719710769037,
    0.3710319402511336,
    0.3557907931638285,
    0.34409529236698977,
    0.32866663674317137,
    0.318995251559897,
    0.3188153998371226,
    0.31400702363111616,
    0.30959941570399657,
    0.30953483890009054,
    0.30886143915451153,
    0.30206395366585304,
    0.29128156161015534,
    0.2946457338747274,
    0.2904836740919343,
    0.2851594877514378,
    0.28367710484827163,
    0.27617774819428065,
    0.2793907378026203,
    0.2802333300539961,
    0.27503143680706177,
    0.2817816881406589,
    0.27116651440780654,
    0.26600212606708246,
    0.26674902756866065,
    0.26630968160706386,
    0.2588875877103894,
    0.2615408621779742,
    0.2645843953706433,
    0.2587266826601077,
    0.25015730399434244,
    0.25311350358321516,
    0.24891529500252402,
    0.2493847038403854,
    0.25555179775314585,
    0.2431325132741868,
    0.24044287865231156,
    0.23475288809256198,
    0.24143157072429994,
    0.2283737465949,
    0.2292472174439683,
    0.2322158379339108,
    0.23122115133764787,
    0.2325831045109057,
    0.23045897162506843,
    0.22477373258551284,
    0.21907242017793385
  ]
}