{
  "train_mse": [
    0.5244261432633841,
    0.4478245821284421,
    0.411781795204169,
    0.39363464577290674,
    0.3653957333883361,
    0.36208136400964497,
    0.35440716144923295,
    0.34585758984538806,
    0.32972438728006187,
    0.3269557254355081,
    0.30472290619212156,
    0.3090051016995518,
    0.30069958540458136,
    0.2959336474650327,
    0.28843259398151383,
    0.2820238471197822,
    0.27377048883819366,
    0.2758644067744553,
    0.26556467296759245,
    0.2720112447336062,
    0.2613947961395067,
    0.25253164938184713,
    0.2570946501192515,
    0.2486633181338674,
    0.24746005789074513,
    0.24515883456670876,
    0.23994255972401804,
    0.23604334830437954,
    0.23603599405435333,
    0.238520617187773,
    0.2291593735598638,
    0.22829555631983636,
    0.2274846905331589,
    0.22089993650432668,
    0.2256699824153227,
    0.21598062576579755,
    0.21970827925428518,
    0.21766425418827098,
    0.2151566170299723,
    0.20913775206478674,
    0.20862756589954046,
    0.2079122712367535,
    0.20815305893801764,
    0.20593168297592473,
    0.20766621953054018,
    0.2086171957244745,
    0.20381131277492268,
    0.20591133507997056,
    0.195698171545748,
    0.19920642181985165
  ],
  "val_mse": [
    0.42204134029516915,
    0.4222574090016151,
    0.41453741873321354,
    0.4253838125975428,
    0.41269682951782083,
    0.4037273198746915,
    0.42665282636015534,
    0.41840092285723357,
    0.4306677841558689,
    0.449217119560286,
    0.4272652336944686,
    0.4439437813044425,
    0.43819102288400114,
    0.43649022615191274,
    0.4457951101553426,
    0.4299629379786404,
    0.4471176803181257,
    0.4332925794293518,
    0.4596347786685177,
    0.45958249826464503,
    0.43490419819795295,
    0.4647992319069396,
    0.4230221561161622,
    0.46944499265026135,
    0.4279413699549942,
    0.4388667338124274,
    0.4494250006238204,
    0.43939839893655636,
    0.45394628083941274,
    0.4465197342751887,
    0.4415815577135961,
    0.43452845273256024,
    0.46700557128339143,
    0.45757946763166013,
    0.4496398287783101,
    0.45641210824078104,
    0.4431666641146741,
    0.45888172818670153,
    0.4269095497264264,
    0.4489763107033972,
    0.44493501776186845,
    0.4365643048258747,
    0.45030476462688734,
    0.46004362914897284,
    0.44000463895542974,
    0.4485369426448171,
    0.4304240334186266,
    0.4495655019939569,
    0.4208591651694977,
    0.4363237440793772
  ]
}