{
  "train_mse": [
    0.5685877442121101,
    0.37409721770737014,
    0.33206604493015224,
    0.30715612704552897,
    0.28729383610010994,
    0.26940362665461803,
    0.2580565518564244,
    0.24301853964739908,
    0.233871020233159,
    0.2218844977672928,
    0.21631694622630607,
    0.21012191666644092,
    0.20316432859409314,
    0.1954498643738442,
    0.190963415909225,
    0.186930262706261,
    0.17735122690070004,
    0.176903364746169,
    0.17145912157476986,
    0.1684276365061757,
    0.16413153696728885,
    0.1615863094015323,
    0.15630437663127247,
    0.15758017359060617,
    0.15409585209395452,
    0.14935564660460174,
    0.14909850726198903,
    0.14328534247824143,
    0.14046150180477449,
    0.13981873736687958,
    0.1390896831129747,
    0.13675016819705102,
    0.13468364869010596,
    0.13487875084973278,
    0.1322683792008441,
    0.12836483752420713,
    0.1282621725514189,
    0.12778400239490328,
    0.12388946161668424,
    0.12357446573827388,
    0.1224863984438208,
    0.12088283704010212,
    0.11844571019967912,
    0.11794365306612634,
    0.1168375942625862,
    0.11373549173454747,
    0.11525897741648426,
    0.11398165169767467,
    0.11236203846642666,
    0.11188296827885638
  ],
  "val_mse": [
    0.49097570211665265,
    0.436460768085117,
    0.4168507507334005,
    0.3928085701462166,
    0.38728236861578336,
    0.3912762814231727,
    0.3789565401503878,
    0.36320812915865,
    0.36440815450825215,
    0.3659349043667077,
    0.3649222805310045,
    0.35172259129066585,
    0.3414429797181262,
    0.35176524103729506,
    0.3423491467721611,
    0.3347513340443435,
    0.33034402230467497,
    0.3335274504758961,
    0.3256035884718339,
    0.32186130990350553,
    0.32552460338206596,
    0.31943633920664355,
    0.32138872047217587,
    0.3125042593477245,
    0.3148756933953874,
    0.3170304193660313,
    0.3084898816099988,
    0.30520250186794784,
    0.3084491327899531,
    0.306413465496514,
    0.30955823170788993,
    0.3037968804214328,
    0.3124590016374684,
    0.3108261570785985,
    0.30167482249798333,
    0.30305915209886564,
    0.30017825015485333,
    0.2987763889710911,
    0.30320485555267457,
    0.3132090896525711,
    0.3004950125362316,
    0.2991385020295339,
    0.3075419871379344,
    0.2974127860755058,
    0.29787347330885744,
    0.2993845607065822,
    0.2990292219926823,
    0.31225769424621963,
    0.2958134169071669,
    0.2999181999731316
  ]
}