{
  "train_mse": [
    0.6697387208941362,
    0.42564831592490177,
    0.3632508363284363,
    0.3246893450268038,
    0.2993130060735905,
    0.2809245469638556,
    0.2642595484028067,
    0.2510963711867088,
    0.23795307107470548,
    0.23102473411239496,
    0.21989604515533315,
    0.2131305695685467,
    0.207803980988442,
    0.19999198946735888,
    0.19431320407085922,
    0.1893019785365655,
    0.1822131413095276,
    0.1824303590812672,
    0.1742137620429031,
    0.16947484686560507,
    0.1649711297167035,
    0.16076579905012248,
    0.15859903442241322,
    0.15904244682955349,
    0.15641458688767465,
    0.14940562506614646,
    0.14874735378728537,
    0.14494011568629336,
    0.14100208575398776,
    0.13981887189521888,
    0.13964316037315383,
    0.1359102828922012,
    0.1360572952009636,
    0.13140604289432636,
    0.13079235637336495,
    0.1288250735516964,
    0.12940281282401161,
    0.12597462696394898,
    0.12343843029534012,
    0.12481034289094477,
    0.12354061466063392,
    0.12317042542830373,
    0.1192201908966038,
    0.11798615567548072,
    0.11644496492149864,
    0.1157161410875301,
    0.11380948663897805,
    0.11049563115798919,
    0.10938414046122558,
    0.10862847557277895
  ],
  "val_mse": [
    0.4537424191954452,
    0.41530736367457916,
    0.38810465904509517,
    0.36164611086596327,
    0.35844528937654874,
    0.358555144975589,
    0.36409264499095345,
    0.3690336886406545,
    0.37699188174805304,
    0.38172861703016836,
    0.37447242424726634,
    0.3894184993602256,
    0.3898357105675248,
    0.3916822641131411,
    0.38267984744360645,
    0.39072826810420275,
    0.38769773239606276,
    0.3816143441605373,
    0.3822038001125905,
    0.3816990405227344,
    0.386182848652479,
    0.3838530745125177,
    0.3806413442852964,
    0.3809233486014691,
    0.3902992358966921,
    0.38754718989377657,
    0.3857442136828145,
    0.3888879755595107,
    0.3884621890856081,
    0.3822698383079226,
    0.386793766777946,
    0.3854459230820288,
    0.38689795674731553,
    0.3822857308792873,
    0.3904086881797219,
    0.3798349139223765,
    0.3766757780234719,
    0.3833999297692387,
    0.38122113025586063,
    0.3809605304965289,
    0.3879823198552549,
    0.3774588256605471,
    0.37656488532611904,
    0.373987801649647,
    0.3737723828862492,
    0.37129481263397773,
    0.37003662032552903,
    0.3754211099287337,
    0.3751444255427942,
    0.37477550662636683
  ]
}