{
  "train_mse": [
    1.1010571988993179,
    1.0145694157458542,
    1.002428824168981,
    0.9779066241913588,
    0.9204474713722088,
    0.851393481406275,
    0.7981876120246324,
    0.7231284984159936,
    0.6678141411171415,
    0.6305572942465576,
    0.5957331769758922,
    0.5740919823366967,
    0.5576459758962534,
    0.5504541071825514,
    0.5392256786069963,
    0.5257228481264766,
    0.5151127371674122,
    0.5051601819961001,
    0.5128428876594145,
    0.5084335190077169,
    0.49903786147456214,
    0.4780748147270708,
    0.47203910752046896,
    0.4851545892955167,
    0.4715687538332323,
    0.46519362557594474,
    0.4551562050590039,
    0.4467983279696764,
    0.4479128028813195,
    0.43508287975635385,
    0.42332417436842035,
    0.43310599822822016,
    0.42725194577414877,
    0.4178521848333257,
    0.42495290683612763,
    0.4152180400008617,
    0.41186341216199174,
    0.41540599658874944,
    0.4062212121409003,
    0.39800331997043015,
    0.38526236357958127,
    0.3964288660874196,
    0.3859094345090702,
    0.3813925397318427,
    0.37969304338728566,
    0.3688538234927626,
    0.3768831276673577,
    0.36992672421644873,
    0.3633333366546258,
    0.3617414211864451,
    0.36542814785572136,
    0.3599455577154501,
    0.3532153456723651,
    0.34963126394828936,
    0.35101728472336885,
    0.3494233371833507,
    0.34316647030761005,
    0.3384296621225297,
    0.3301661331283412,
    0.3396400626591052,
    0.33693512556477817,
    0.328061987160342,
    0.31773463903757443,
    0.312179128309544,
    0.3129258494876754,
    0.32052858625897623,
    0.3116907935189114,
    0.30750814600565535,
    0.30518680284129424,
    0.30269108551850665,
    0.2946670541222269,
    0.29537608069524446,
    0.2923922137509987,
    0.28970724349430926,
    0.28921651084958927,
    0.28480418860329865,
    0.28352994875462645,
    0.2812217931017425,
    0.27595651596946386,
    0.27211799134260667,
    0.271023494348205,
    0.26975010300821645,
    0.26777031511618443,
    0.2651545034234091,
    0.26437303223257863,
    0.2637146838389572,
    0.2625282892704528,
    0.2599835036114166,
    0.2590581780277298,
    0.25672547988731104,
    0.25684753456410836,
    0.25655114852644334,
    0.2547919927215473,
    0.2541942373872709,
    0.2527357583907994,
    0.25339294438059246,
    0.2525925458771916,
    0.2524051850056933,
    0.25111447013550553,
    0.2527132554661309
  ],
  "val_mse": [
    0.9658908252640972,
    0.957417697209803,
    0.9491168012873499,
    0.9155268154432141,
    0.8390315872790619,
    0.7717906306526271,
    0.7090013172682814,
    0.6586974618837486,
    0.564975875099813,
    0.5519158915271909,
    0.521635203536727,
    0.5104384263773707,
    0.5046004629510594,
    0.4725219181829237,
    0.46915020034277743,
    0.45260278988802316,
    0.4622780697865123,
    0.46402357533013516,
    0.43969554600753186,
    0.4736394527077362,
    0.4488776086300794,
    0.44069836847321153,
    0.43075655608039515,
    0.4302691849354371,
    0.4423111766081365,
    0.4361438280589103,
    0.407199127180787,
    0.406447201784723,
    0.40398009143580704,
    0.39067035840460845,
    0.3863997145483396,
    0.4333786170209382,
    0.38632336796007966,
    0.38498158569098145,
    0.40239883699859325,
    0.41015325871248154,
    0.4171532854007611,
    0.38868059738101607,
    0.3831714710329878,
    0.37234639845077966,
    0.36943596025255826,
    0.4071140647299542,
    0.40192517463512206,
    0.37774550742677504,
    0.37765238653747846,
    0.37467479418999045,
    0.3868205629725886,
    0.3726253733755931,
    0.3746516003435574,
    0.39041978811758815,
    0.38841429284968504,
    0.3801624731650398,
    0.3791615353638106,
    0.39160195689188837,
    0.3768985506378551,
    0.4134506890884326,
    0.3826983134316856,
    0.3634449564513676,
    0.37535207384214625,
    0.3934181347971722,
    0.382965085596133,
    0.383513729299043,
    0.39127473174639155,
    0.3764318124255066,
    0.3657425073866039,
    0.3648174037457764,
    0.37654744561888726,
    0.37532987906446813,
    0.3876983019102068,
    0.3971349545872639,
    0.3800090567542082,
    0.37508560976539906,
    0.3853803870976232,
    0.37061896218819673,
    0.38839382955304175,
    0.39123749133274416,
    0.37520047461684086,
    0.37452544114199626,
    0.37992566338987177,
    0.38537187771325765,
    0.3882464498724733,
    0.3912120708643295,
    0.39457465746062736,
    0.37959819247299187,
    0.3921521978741243,
    0.3830319587483494,
    0.3819850542153169,
    0.3856715081766417,
    0.38480525687402106,
    0.385741067214275,
    0.3849983469290579,
    0.38231214435081784,
    0.3914403105032413,
    0.3854329507807734,
    0.3898281378904561,
    0.3856177933364194,
    0.3868439743525087,
    0.3883659819292584,
    0.38832202947463057,
    0.3881018517941419
  ],
  "condition": "direct_mlp",
  "n_demos": 50
}