{
  "25": {
    "mean_action": 0.881095826625824,
    "nn_copy": 0.7660297586872121,
    "direct_mlp": 0.3913689861090287,
    "concat_mlp": 0.42604147911071777,
    "raid_xattn": 0.5257948120780613
  },
  "50": {
    "mean_action": 0.9684333205223083,
    "nn_copy": 0.8229990547978379,
    "direct_mlp": 0.3634449564513676,
    "concat_mlp": 0.43743183830800225,
    "raid_xattn": 0.5414935009894617
  },
  "100": {
    "mean_action": 1.0599820613861084,
    "nn_copy": 0.7623032598174697,
    "direct_mlp": 0.423922864546687,
    "concat_mlp": 0.49987684865916,
    "raid_xattn": 0.5538651572991602
  },
  "200": {
    "mean_action": 1.005855917930603,
    "nn_copy": 0.83336829498141,
    "direct_mlp": 0.4222427113862633,
    "concat_mlp": 0.554081165509238,
    "raid_xattn": 0.5943100168993339
  }
}